{
  "Selecionar rota" : {
    "transaction" : "Selecionar rota",
    "sampleCount" : 7602,
    "errorCount" : 8,
    "errorPct" : 0.105235465,
    "meanResTime" : 10472.16600894504,
    "medianResTime" : 1237.0,
    "minResTime" : 410.0,
    "maxResTime" : 79711.0,
    "pct1ResTime" : 42518.399999999994,
    "pct2ResTime" : 69919.85,
    "pct3ResTime" : 72614.0,
    "throughput" : 21.392631614493634,
    "receivedKBytesPerSec" : 151.64226925780062,
    "sentKBytesPerSec" : 5.780784137948986
  },
  "Comprar voo" : {
    "transaction" : "Comprar voo",
    "sampleCount" : 7364,
    "errorCount" : 1,
    "errorPct" : 0.013579576,
    "meanResTime" : 10618.553503530711,
    "medianResTime" : 1206.5,
    "minResTime" : 400.0,
    "maxResTime" : 78686.0,
    "pct1ResTime" : 42364.0,
    "pct2ResTime" : 69847.75,
    "pct3ResTime" : 72320.0,
    "throughput" : 21.014182575692722,
    "receivedKBytesPerSec" : 138.26440964047742,
    "sentKBytesPerSec" : 5.704247504851183
  },
  "Total" : {
    "transaction" : "Total",
    "sampleCount" : 29911,
    "errorCount" : 23,
    "errorPct" : 0.07689479,
    "meanResTime" : 10282.823442880595,
    "medianResTime" : 1042.0,
    "minResTime" : 382.0,
    "maxResTime" : 79711.0,
    "pct1ResTime" : 69122.70000000001,
    "pct2ResTime" : 70124.0,
    "pct3ResTime" : 73017.96,
    "throughput" : 79.41915235966034,
    "receivedKBytesPerSec" : 475.51264513889254,
    "sentKBytesPerSec" : 19.64625776142923
  },
  "Confirmar compra" : {
    "transaction" : "Confirmar compra",
    "sampleCount" : 7093,
    "errorCount" : 4,
    "errorPct" : 0.056393627,
    "meanResTime" : 10055.530805019058,
    "medianResTime" : 1173.0,
    "minResTime" : 407.0,
    "maxResTime" : 78704.0,
    "pct1ResTime" : 37611.40000000001,
    "pct2ResTime" : 69792.3,
    "pct3ResTime" : 72149.18,
    "throughput" : 19.61451247165533,
    "receivedKBytesPerSec" : 111.03842118020988,
    "sentKBytesPerSec" : 5.3986066606520655
  },
  "Home" : {
    "transaction" : "Home",
    "sampleCount" : 7852,
    "errorCount" : 10,
    "errorPct" : 0.12735608,
    "meanResTime" : 9989.966632704994,
    "medianResTime" : 1251.0,
    "minResTime" : 382.0,
    "maxResTime" : 79318.0,
    "pct1ResTime" : 37121.299999999996,
    "pct2ResTime" : 69672.75,
    "pct3ResTime" : 71869.47,
    "throughput" : 20.848489997928958,
    "receivedKBytesPerSec" : 97.1685729076501,
    "sentKBytesPerSec" : 3.700774168131442
  }
}