{
  "Selecionar rota" : {
    "transaction" : "Selecionar rota",
    "sampleCount" : 6153,
    "errorCount" : 0,
    "errorPct" : 0.0,
    "meanResTime" : 3454.3702259060547,
    "medianResTime" : 582.0,
    "minResTime" : 417.0,
    "maxResTime" : 76448.0,
    "pct1ResTime" : 2449.2000000000007,
    "pct2ResTime" : 19968.699999999993,
    "pct3ResTime" : 69791.92,
    "throughput" : 16.86058300953049,
    "receivedKBytesPerSec" : 119.60476072385691,
    "sentKBytesPerSec" : 4.56091942738276
  },
  "Comprar voo" : {
    "transaction" : "Comprar voo",
    "sampleCount" : 6022,
    "errorCount" : 0,
    "errorPct" : 0.0,
    "meanResTime" : 3462.787778146804,
    "medianResTime" : 579.0,
    "minResTime" : 415.0,
    "maxResTime" : 75198.0,
    "pct1ResTime" : 2405.199999999999,
    "pct2ResTime" : 20376.899999999907,
    "pct3ResTime" : 69504.85999999999,
    "throughput" : 16.52878951731104,
    "receivedKBytesPerSec" : 108.76072633558768,
    "sentKBytesPerSec" : 4.487308091613739
  },
  "Total" : {
    "transaction" : "Total",
    "sampleCount" : 24347,
    "errorCount" : 0,
    "errorPct" : 0.0,
    "meanResTime" : 3511.4132747361177,
    "medianResTime" : 584.0,
    "minResTime" : 410.0,
    "maxResTime" : 76448.0,
    "pct1ResTime" : 2829.9000000000015,
    "pct2ResTime" : 36094.95,
    "pct3ResTime" : 69828.97,
    "throughput" : 66.33318893529605,
    "receivedKBytesPerSec" : 397.61029496279025,
    "sentKBytesPerSec" : 16.453109653451524
  },
  "Confirmar compra" : {
    "transaction" : "Confirmar compra",
    "sampleCount" : 5901,
    "errorCount" : 0,
    "errorPct" : 0.0,
    "meanResTime" : 3727.319945771904,
    "medianResTime" : 586.0,
    "minResTime" : 414.0,
    "maxResTime" : 75520.0,
    "pct1ResTime" : 2506.8,
    "pct2ResTime" : 35988.8,
    "pct3ResTime" : 69637.92,
    "throughput" : 16.301555291582638,
    "receivedKBytesPerSec" : 92.31710853114036,
    "sentKBytesPerSec" : 4.489295500221001
  },
  "Home" : {
    "transaction" : "Home",
    "sampleCount" : 6271,
    "errorCount" : 0,
    "errorPct" : 0.0,
    "meanResTime" : 3410.909902726847,
    "medianResTime" : 575.0,
    "minResTime" : 410.0,
    "maxResTime" : 72589.0,
    "pct1ResTime" : 2294.000000000001,
    "pct2ResTime" : 19882.0,
    "pct3ResTime" : 69629.84,
    "throughput" : 17.08528475020502,
    "receivedKBytesPerSec" : 79.68683590525309,
    "sentKBytesPerSec" : 3.03664240677472
  }
}